<?xml version="1.0" encoding="UTF-8"?>
<project-private xmlns="http://www.netbeans.org/ns/project-private/1">
    <editor-bookmarks xmlns="http://www.netbeans.org/ns/editor-bookmarks/2" lastBookmarkId="0"/>
    <open-files xmlns="http://www.netbeans.org/ns/projectui-open-files/2">
        <group>
            <file>file:/C:/HyeonJun/MyStore/src/MyStore.java</file>
            <file>file:/C:/HyeonJun/MyStore/src/MySqlDBManager.java</file>
            <file>file:/C:/HyeonJun/MyStore/src/LoginDig.java</file>
            <file>file:/C:/HyeonJun/MyStore/src/DBManager.java</file>
            <file>file:/C:/HyeonJun/MyStore/src/ProductInfoFrm.java</file>
            <file>file:/C:/HyeonJun/MyStore/src/KeyValues.java</file>
        </group>
    </open-files>
</project-private>
